{"cameraMode":{"drawMode":0,"name":"Shaded","section":"Shading Mode"},"sceneLighting":false,"audioPlay":false,"sceneViewState":{"showFog":true,"showMaterialUpdate":false,"showSkybox":false,"showFlares":true,"showImageEffects":true,"showParticleSystems":true},"in2DMode":false,"pivot":{"x":-1.6842070817947388,"y":11.517380714416504,"z":4.919033050537109},"rotation":{"x":-0.07961485534906388,"y":0.8945627212524414,"z":-0.17700260877609254,"w":-0.40275436639785769},"size":2.6682355403900148,"orthographic":false}