{"cameraMode":{"drawMode":0,"name":"Shaded","section":"Shading Mode"},"sceneLighting":false,"audioPlay":false,"sceneViewState":{"showFog":true,"showMaterialUpdate":false,"showSkybox":false,"showFlares":true,"showImageEffects":true,"showParticleSystems":true},"in2DMode":false,"pivot":{"x":248.5101776123047,"y":7.03000020980835,"z":-23.298500061035158},"rotation":{"x":-0.011679080314934254,"y":0.9881095290184021,"z":-0.09546349197626114,"w":-0.12100721150636673},"size":11.014223098754883,"orthographic":false}