{"cameraMode":{"drawMode":0,"name":"Shaded","section":"Shading Mode"},"sceneLighting":true,"audioPlay":false,"sceneViewState":{"showFog":true,"showMaterialUpdate":false,"showSkybox":false,"showFlares":true,"showImageEffects":true,"showParticleSystems":true},"in2DMode":false,"pivot":{"x":14.15727424621582,"y":0.322340726852417,"z":-125.69718170166016},"rotation":{"x":-0.3593626916408539,"y":-0.6037936806678772,"z":0.6195591688156128,"w":-0.3501427471637726},"size":28.366304397583009,"orthographic":false}