{"cameraMode":{"drawMode":0,"name":"Shaded","section":"Shading Mode"},"sceneLighting":false,"audioPlay":false,"sceneViewState":{"showFog":true,"showMaterialUpdate":false,"showSkybox":false,"showFlares":true,"showImageEffects":true,"showParticleSystems":true},"in2DMode":false,"pivot":{"x":-1.477037787437439,"y":11.580842018127442,"z":4.286291122436523},"rotation":{"x":0.03254550322890282,"y":0.8814535737037659,"z":-0.061136823147535327,"w":0.4672902524471283},"size":3.997957706451416,"orthographic":false}